A,1,VAL,N,A,101,GLU,OE1,22.630331753554504
A,1,VAL,N,A,101,GLU,OE2,27.606635071090047
A,1,VAL,N,A,106,ALA,O,0.47393364928909953
A,1,VAL,N,A,127,HIS,NE2,0.35545023696682465
A,2,GLY,N,A,100,THR,OG1,8.767772511848342
A,2,GLY,N,A,110,ASP,O,6.516587677725119
A,3,SER,OG,A,4,LEU,O,0.11848341232227488
A,3,SER,O,A,5,ASN,ND2,0.47393364928909953
A,3,SER,OG,A,5,ASN,ND2,4.976303317535545
A,3,SER,OG,A,5,ASN,OD1,10.189573459715639
A,3,SER,N,A,110,ASP,O,2.251184834123223
A,3,SER,O,A,112,VAL,N,53.672985781990526
A,3,SER,OG,A,130,HIS,ND1,0.11848341232227488
A,3,SER,OG,A,132,LYS,NZ,1.066350710900474
A,4,LEU,O,A,5,ASN,ND2,0.11848341232227488
A,4,LEU,N,A,130,HIS,O,1.8957345971563981
A,4,LEU,O,A,132,LYS,N,26.658767772511847
A,5,ASN,N,A,112,VAL,O,60.66350710900474
A,5,ASN,ND2,A,112,VAL,O,7.5829383886255926
A,5,ASN,O,A,114,ILE,N,80.56872037914692
A,5,ASN,OD1,A,132,LYS,NZ,0.23696682464454977
A,6,CYS,N,A,132,LYS,O,57.58293838862559
A,6,CYS,O,A,134,PHE,N,88.50710900473933
A,7,ILE,N,A,114,ILE,O,21.208530805687204
A,7,ILE,O,A,121,TYR,OH,63.862559241706165
A,8,VAL,N,A,134,PHE,O,45.85308056872038
A,8,VAL,O,A,136,THR,N,77.48815165876776
A,10,VAL,N,A,136,THR,O,67.65402843601895
A,10,VAL,O,A,138,ILE,N,63.03317535545023
A,11,SER,O,A,13,ASN,N,0.11848341232227488
A,11,SER,OG,A,13,ASN,OD1,23.459715639810426
A,11,SER,O,A,14,MET,N,28.672985781990523
A,11,SER,N,A,15,GLY,O,50.0
A,11,SER,OG,A,15,GLY,N,3.080568720379147
A,11,SER,OG,A,15,GLY,O,8.412322274881516
A,11,SER,OG,A,140,GLN,O,9.123222748815166
A,11,SER,OG,A,142,PHE,N,8.056872037914692
A,11,SER,OG,A,142,PHE,O,1.4218009478672986
A,12,GLN,N,A,12,GLN,NE2,0.11848341232227488
A,12,GLN,NE2,A,12,GLN,O,1.5402843601895735
A,12,GLN,NE2,A,12,GLN,OE1,0.11848341232227488
A,12,GLN,N,A,138,ILE,O,0.35545023696682465
A,12,GLN,NE2,A,138,ILE,O,2.962085308056872
A,12,GLN,NE2,A,139,MET,O,3.672985781990521
A,12,GLN,N,A,140,GLN,O,6.872037914691943
A,12,GLN,NE2,A,141,ASP,OD1,2.7251184834123223
A,12,GLN,NE2,A,141,ASP,OD2,1.4218009478672986
A,13,ASN,N,A,13,ASN,OD1,0.23696682464454977
A,13,ASN,OD1,A,15,GLY,N,17.061611374407583
A,13,ASN,ND2,A,141,ASP,OD1,0.11848341232227488
A,13,ASN,ND2,A,142,PHE,O,32.46445497630332
A,13,ASN,OD1,A,142,PHE,N,7.701421800947868
A,14,MET,O,A,148,PHE,N,74.28909952606635
A,16,ILE,N,A,146,THR,O,65.28436018957346
A,17,GLY,O,A,20,GLY,N,1.5402843601895735
A,17,GLY,N,A,144,SER,OG,12.914691943127963
A,17,GLY,O,A,144,SER,OG,0.35545023696682465
A,17,GLY,O,A,145,ASP,N,29.739336492890995
A,17,GLY,N,A,146,THR,O,0.8293838862559242
A,17,GLY,O,A,146,THR,N,10.90047393364929
A,17,GLY,O,A,146,THR,OG1,0.11848341232227488
A,18,LYS,NZ,A,19,ASN,OD1,5.924170616113744
A,18,LYS,O,A,19,ASN,ND2,0.47393364928909953
A,18,LYS,N,A,21,ASP,O,41.23222748815166
A,18,LYS,O,A,21,ASP,N,10.66350710900474
A,18,LYS,NZ,A,22,LEU,O,0.11848341232227488
A,18,LYS,NZ,A,143,GLU,O,0.23696682464454977
A,18,LYS,NZ,A,143,GLU,OE1,15.04739336492891
A,18,LYS,NZ,A,143,GLU,OE2,13.270142180094787
A,18,LYS,NZ,A,145,ASP,OD1,2.3696682464454977
A,18,LYS,NZ,A,145,ASP,OD2,0.7109004739336493
A,19,ASN,ND2,A,21,ASP,OD1,0.35545023696682465
A,19,ASN,O,A,55,LYS,NZ,0.7109004739336493
A,19,ASN,OD1,A,55,LYS,NZ,0.11848341232227488
A,19,ASN,O,A,118,SER,OG,0.11848341232227488
A,19,ASN,OD1,A,118,SER,OG,0.11848341232227488
A,19,ASN,N,A,145,ASP,OD1,24.0521327014218
A,19,ASN,N,A,145,ASP,OD2,43.838862559241704
A,19,ASN,ND2,A,145,ASP,OD1,0.7109004739336493
A,19,ASN,ND2,A,145,ASP,OD2,0.7109004739336493
A,20,GLY,O,A,55,LYS,NZ,0.7109004739336493
A,21,ASP,OD1,A,22,LEU,N,2.132701421800948
A,21,ASP,OD2,A,22,LEU,N,3.080568720379147
A,21,ASP,OD1,A,55,LYS,NZ,12.914691943127963
A,21,ASP,OD2,A,55,LYS,NZ,10.66350710900474
A,21,ASP,OD1,A,59,SER,OG,0.23696682464454977
A,21,ASP,OD2,A,59,SER,OG,1.066350710900474
A,22,LEU,O,A,24,TRP,N,0.11848341232227488
A,24,TRP,NE1,A,30,GLU,OE1,0.11848341232227488
A,25,PRO,N,A,25,PRO,O,0.11848341232227488
A,25,PRO,O,A,27,LEU,N,0.35545023696682465
A,26,PRO,O,A,28,ARG,NH1,5.687203791469194
A,26,PRO,O,A,173,LYS,NZ,8.056872037914692
A,27,LEU,O,A,31,ARG,N,16.23222748815166
A,28,ARG,NE,A,29,ASN,OD1,0.8293838862559242
A,28,ARG,NH2,A,29,ASN,OD1,1.066350710900474
A,28,ARG,O,A,31,ARG,NE,0.23696682464454977
A,28,ARG,O,A,32,ARG,N,28.080568720379144
A,28,ARG,O,A,32,ARG,NH2,0.11848341232227488
A,28,ARG,N,A,172,GLU,OE1,41.11374407582938
A,28,ARG,N,A,172,GLU,OE2,20.260663507109005
A,28,ARG,NE,A,172,GLU,OE1,3.5545023696682465
A,28,ARG,NE,A,172,GLU,OE2,3.1990521327014214
A,28,ARG,NH1,A,172,GLU,OE1,0.47393364928909953
A,28,ARG,NH1,A,172,GLU,OE2,0.35545023696682465
A,28,ARG,NH2,A,172,GLU,OE1,2.6066350710900474
A,28,ARG,NH2,A,172,GLU,OE2,3.5545023696682465
A,29,ASN,OD1,A,32,ARG,NH1,0.11848341232227488
A,29,ASN,OD1,A,32,ARG,NH2,6.042654028436019
A,29,ASN,O,A,33,TYR,N,35.90047393364929
A,29,ASN,ND2,A,170,GLN,OE1,11.018957345971565
A,29,ASN,N,A,172,GLU,OE1,10.308056872037914
A,29,ASN,N,A,172,GLU,OE2,24.0521327014218
A,29,ASN,ND2,A,172,GLU,OE1,2.251184834123223
A,29,ASN,ND2,A,172,GLU,OE2,7.938388625592417
A,29,ASN,N,A,177,TYR,OH,0.35545023696682465
A,29,ASN,ND2,A,177,TYR,OH,0.8293838862559242
A,29,ASN,OD1,A,177,TYR,OH,0.5924170616113744
A,30,GLU,OE2,A,31,ARG,NE,0.23696682464454977
A,30,GLU,O,A,34,PHE,N,69.54976303317537
A,30,GLU,OE1,A,136,THR,OG1,24.526066350710902
A,30,GLU,OE2,A,136,THR,OG1,17.417061611374407
A,30,GLU,N,A,172,GLU,OE1,0.35545023696682465
A,30,GLU,N,A,172,GLU,OE2,0.7109004739336493
A,30,GLU,N,A,177,TYR,OH,2.7251184834123223
A,31,ARG,NE,A,35,GLU,OE1,0.7109004739336493
A,31,ARG,NE,A,35,GLU,OE2,1.6587677725118484
A,31,ARG,NH1,A,35,GLU,OE1,1.066350710900474
A,31,ARG,NH1,A,35,GLU,OE2,1.3033175355450237
A,31,ARG,NH2,A,35,GLU,OE1,0.23696682464454977
A,31,ARG,NH2,A,35,GLU,OE2,0.35545023696682465
A,31,ARG,O,A,35,GLU,N,46.91943127962085
A,32,ARG,NH1,A,35,GLU,OE1,0.11848341232227488
A,32,ARG,NH1,A,35,GLU,OE2,0.23696682464454977
A,32,ARG,NH2,A,35,GLU,OE1,0.8293838862559242
A,32,ARG,NH2,A,35,GLU,OE2,2.014218009478673
A,32,ARG,O,A,36,ARG,N,56.6350710900474
A,33,TYR,O,A,37,MET,N,74.64454976303317
A,33,TYR,OH,A,135,VAL,O,0.35545023696682465
A,34,PHE,O,A,38,THR,N,45.7345971563981
A,34,PHE,O,A,38,THR,OG1,88.86255924170617
A,35,GLU,OE1,A,36,ARG,NH2,0.35545023696682465
A,35,GLU,OE2,A,36,ARG,NH1,0.11848341232227488
A,35,GLU,OE2,A,36,ARG,NH2,0.11848341232227488
A,35,GLU,O,A,39,THR,N,17.654028436018958
A,35,GLU,O,A,39,THR,OG1,65.99526066350711
A,35,GLU,OE1,A,68,LYS,NZ,2.132701421800948
A,35,GLU,OE2,A,68,LYS,NZ,1.066350710900474
A,35,GLU,OE1,A,70,ARG,NH1,24.881516587677723
A,35,GLU,OE1,A,70,ARG,NH2,18.601895734597157
A,35,GLU,OE2,A,70,ARG,NH1,27.3696682464455
A,35,GLU,OE2,A,70,ARG,NH2,18.601895734597157
A,36,ARG,NH2,A,36,ARG,O,5.568720379146919
A,36,ARG,O,A,39,THR,N,0.11848341232227488
A,36,ARG,NH2,A,40,THR,OG1,0.35545023696682465
A,36,ARG,O,A,40,THR,N,13.033175355450238
A,36,ARG,O,A,40,THR,OG1,42.41706161137441
A,36,ARG,NE,A,164,GLY,O,0.5924170616113744
A,36,ARG,NH1,A,164,GLY,O,1.3033175355450237
A,36,ARG,NH2,A,164,GLY,O,0.23696682464454977
A,37,MET,O,A,40,THR,N,0.47393364928909953
A,37,MET,O,A,113,TRP,NE1,0.11848341232227488
A,38,THR,O,A,48,ASN,ND2,44.19431279620853
A,38,THR,OG1,A,70,ARG,NH1,41.11374407582938
A,39,THR,O,A,40,THR,OG1,1.1848341232227488
A,39,THR,OG1,A,40,THR,OG1,0.11848341232227488
A,40,THR,O,A,48,ASN,ND2,28.90995260663507
A,41,SER,O,A,42,SER,N,0.11848341232227488
A,41,SER,OG,A,43,VAL,N,1.4218009478672986
A,41,SER,OG,A,43,VAL,O,5.450236966824645
A,41,SER,OG,A,46,LYS,O,8.649289099526067
A,41,SER,OG,A,48,ASN,OD1,28.436018957345972
A,41,SER,OG,A,110,ASP,OD1,23.104265402843602
A,41,SER,OG,A,110,ASP,OD2,9.24170616113744
A,42,SER,N,A,110,ASP,OD1,21.445497630331754
A,42,SER,N,A,110,ASP,OD2,36.84834123222749
A,42,SER,OG,A,110,ASP,OD1,21.09004739336493
A,42,SER,OG,A,110,ASP,OD2,37.91469194312796
A,43,VAL,O,A,44,GLU,N,0.11848341232227488
A,43,VAL,O,A,46,LYS,N,1.066350710900474
A,43,VAL,N,A,110,ASP,OD1,0.11848341232227488
A,43,VAL,N,A,110,ASP,OD2,3.080568720379147
A,44,GLU,N,A,44,GLU,OE1,0.9478672985781991
A,44,GLU,N,A,44,GLU,OE2,0.7109004739336493
A,44,GLU,O,A,45,GLY,N,0.11848341232227488
A,44,GLU,OE1,A,45,GLY,N,0.47393364928909953
A,44,GLU,OE2,A,45,GLY,N,0.23696682464454977
A,44,GLU,O,A,46,LYS,N,0.5924170616113744
A,44,GLU,O,A,46,LYS,NZ,0.35545023696682465
A,45,GLY,O,A,46,LYS,NZ,0.35545023696682465
A,45,GLY,O,A,47,GLN,NE2,0.35545023696682465
A,45,GLY,O,A,108,LYS,NZ,1.8957345971563981
A,46,LYS,O,A,47,GLN,NE2,4.62085308056872
A,46,LYS,NZ,A,106,ALA,O,1.6587677725118484
A,46,LYS,NZ,A,107,ASN,O,5.687203791469194
A,46,LYS,NZ,A,107,ASN,OD1,0.11848341232227488
A,46,LYS,NZ,A,109,VAL,O,1.6587677725118484
A,46,LYS,NZ,A,110,ASP,OD1,0.5924170616113744
A,46,LYS,NZ,A,110,ASP,OD2,0.8293838862559242
A,47,GLN,NE2,A,69,GLY,O,3.4360189573459716
A,47,GLN,N,A,108,LYS,O,66.35071090047393
A,47,GLN,NE2,A,108,LYS,O,0.35545023696682465
A,47,GLN,OE1,A,108,LYS,NZ,0.5924170616113744
A,47,GLN,O,A,110,ASP,N,61.37440758293838
A,48,ASN,O,A,71,ILE,N,67.06161137440758
A,48,ASN,OD1,A,111,MET,N,10.42654028436019
A,48,ASN,OD1,A,113,TRP,NE1,0.23696682464454977
A,49,LEU,N,A,111,MET,O,66.11374407582939
A,49,LEU,O,A,113,TRP,N,86.25592417061611
A,50,VAL,N,A,71,ILE,O,84.71563981042654
A,50,VAL,O,A,73,LEU,N,55.92417061611374
A,51,ILE,N,A,113,TRP,O,76.54028436018957
A,51,ILE,O,A,115,VAL,N,16.350710900473935
A,52,MET,N,A,73,LEU,O,31.990521327014214
A,52,MET,O,A,75,LEU,N,79.02843601895735
A,53,GLY,N,A,56,THR,OG1,0.11848341232227488
A,53,GLY,O,A,56,THR,N,0.23696682464454977
A,53,GLY,O,A,57,TRP,N,41.824644549763036
A,53,GLY,N,A,116,GLY,O,45.61611374407583
A,54,LYS,O,A,58,PHE,N,24.170616113744074
A,54,LYS,N,A,75,LEU,O,0.11848341232227488
A,54,LYS,NZ,A,78,GLU,OE1,31.27962085308057
A,54,LYS,NZ,A,78,GLU,OE2,34.834123222748815
A,55,LYS,NZ,A,59,SER,OG,2.962085308056872
A,55,LYS,O,A,59,SER,N,6.516587677725119
A,55,LYS,O,A,59,SER,OG,55.92417061611374
A,56,THR,O,A,59,SER,N,5.213270142180095
A,56,THR,O,A,59,SER,OG,12.677725118483412
A,56,THR,O,A,60,ILE,N,1.3033175355450237
A,56,THR,OG1,A,116,GLY,O,0.9478672985781991
A,56,THR,OG1,A,117,GLY,N,2.6066350710900474
A,57,TRP,O,A,60,ILE,N,1.1848341232227488
A,57,TRP,O,A,65,ARG,NH1,1.6587677725118484
A,57,TRP,NE1,A,84,GLN,O,0.35545023696682465
A,60,ILE,O,A,65,ARG,NH1,50.947867298578196
A,61,PRO,O,A,64,ASN,N,28.554502369668246
A,61,PRO,O,A,65,ARG,N,2.4881516587677726
A,62,GLU,N,A,62,GLU,OE1,2.843601895734597
A,62,GLU,N,A,62,GLU,OE2,2.4881516587677726
A,62,GLU,OE1,A,63,LYS,NZ,4.383886255924171
A,62,GLU,OE2,A,63,LYS,NZ,3.5545023696682465
A,62,GLU,O,A,65,ARG,N,0.8293838862559242
A,62,GLU,OE1,A,65,ARG,NH1,0.47393364928909953
A,62,GLU,OE1,A,65,ARG,NH2,0.35545023696682465
A,62,GLU,OE2,A,65,ARG,NH1,0.35545023696682465
A,62,GLU,OE2,A,65,ARG,NH2,0.35545023696682465
A,63,LYS,NZ,A,64,ASN,OD1,1.3033175355450237
A,63,LYS,O,A,64,ASN,ND2,0.5924170616113744
A,63,LYS,O,A,68,LYS,NZ,0.11848341232227488
A,64,ASN,ND2,A,64,ASN,O,0.7109004739336493
A,64,ASN,O,A,68,LYS,NZ,0.23696682464454977
A,65,ARG,NH2,A,84,GLN,O,0.11848341232227488
A,65,ARG,NH2,A,84,GLN,OE1,0.11848341232227488
A,66,PRO,O,A,68,LYS,NZ,6.042654028436019
A,67,LEU,O,A,70,ARG,N,0.11848341232227488
A,67,LEU,N,A,72,ASN,OD1,54.02843601895735
A,67,LEU,O,A,72,ASN,ND2,10.308056872037914
A,68,LYS,O,A,70,ARG,NE,54.62085308056872
A,68,LYS,O,A,70,ARG,NH2,33.41232227488152
A,71,ILE,O,A,72,ASN,ND2,1.1848341232227488
A,72,ASN,ND2,A,72,ASN,O,0.11848341232227488
A,72,ASN,O,A,87,HIS,N,0.7109004739336493
A,72,ASN,O,A,88,PHE,N,0.11848341232227488
A,74,VAL,N,A,88,PHE,O,27.251184834123222
A,74,VAL,O,A,90,SER,N,20.379146919431278
A,74,VAL,O,A,90,SER,OG,0.11848341232227488
A,76,SER,OG,A,78,GLU,N,11.848341232227488
A,76,SER,OG,A,78,GLU,OE1,1.5402843601895735
A,76,SER,OG,A,78,GLU,OE2,2.4881516587677726
A,76,SER,OG,A,79,LEU,N,11.848341232227488
A,76,SER,N,A,90,SER,O,49.052132701421804
A,76,SER,O,A,91,ARG,NH2,1.8957345971563981
A,77,ARG,N,A,78,GLU,OE1,0.5924170616113744
A,77,ARG,N,A,78,GLU,OE2,0.47393364928909953
A,77,ARG,O,A,80,LYS,NZ,4.739336492890995
A,77,ARG,NE,A,91,ARG,O,4.502369668246446
A,77,ARG,NH1,A,91,ARG,O,0.47393364928909953
A,77,ARG,NH2,A,91,ARG,O,0.47393364928909953
A,77,ARG,O,A,91,ARG,NH2,0.11848341232227488
A,77,ARG,NE,A,123,GLU,OE2,0.11848341232227488
A,77,ARG,NH1,A,123,GLU,OE1,4.857819905213271
A,77,ARG,NH1,A,123,GLU,OE2,3.672985781990521
A,77,ARG,NH2,A,123,GLU,OE1,1.5402843601895735
A,77,ARG,NH2,A,123,GLU,OE2,3.5545023696682465
A,78,GLU,N,A,78,GLU,OE1,1.3033175355450237
A,78,GLU,N,A,78,GLU,OE2,0.8293838862559242
A,78,GLU,O,A,79,LEU,N,0.11848341232227488
A,78,GLU,O,A,80,LYS,NZ,2.843601895734597
A,79,LEU,O,A,91,ARG,NH1,0.9478672985781991
A,79,LEU,O,A,91,ARG,NH2,3.1990521327014214
A,80,LYS,NZ,A,81,GLU,OE1,4.028436018957346
A,80,LYS,NZ,A,81,GLU,OE2,3.5545023696682465
A,80,LYS,O,A,91,ARG,NH1,0.11848341232227488
A,81,GLU,OE1,A,84,GLN,NE2,0.11848341232227488
A,83,PRO,O,A,86,ALA,N,28.080568720379144
A,84,GLN,N,A,84,GLN,OE1,0.8293838862559242
A,84,GLN,OE1,A,85,GLY,N,0.11848341232227488
A,87,HIS,ND1,A,87,HIS,NE2,0.11848341232227488
A,87,HIS,NE2,A,87,HIS,ND1,0.11848341232227488
A,89,LEU,O,A,90,SER,OG,5.568720379146919
A,90,SER,N,A,90,SER,O,0.11848341232227488
A,90,SER,OG,A,92,SER,N,0.23696682464454977
A,90,SER,OG,A,92,SER,O,1.6587677725118484
A,90,SER,OG,A,95,ASP,OD1,1.5402843601895735
A,90,SER,OG,A,95,ASP,OD2,1.066350710900474
A,91,ARG,NH2,A,92,SER,OG,2.132701421800948
A,91,ARG,N,A,95,ASP,OD1,8.175355450236967
A,91,ARG,N,A,95,ASP,OD2,0.47393364928909953
A,91,ARG,NE,A,95,ASP,OD1,0.11848341232227488
A,91,ARG,NE,A,95,ASP,OD2,0.7109004739336493
A,91,ARG,NH1,A,95,ASP,OD1,0.23696682464454977
A,91,ARG,NH1,A,95,ASP,OD2,0.9478672985781991
A,91,ARG,NH2,A,95,ASP,OD1,8.886255924170616
A,91,ARG,NH2,A,95,ASP,OD2,23.81516587677725
A,92,SER,OG,A,94,ASP,N,0.11848341232227488
A,92,SER,OG,A,94,ASP,OD1,15.165876777251185
A,92,SER,OG,A,94,ASP,OD2,19.66824644549763
A,92,SER,N,A,95,ASP,OD1,0.11848341232227488
A,92,SER,OG,A,95,ASP,N,4.62085308056872
A,92,SER,OG,A,95,ASP,OD1,10.071090047393366
A,92,SER,OG,A,95,ASP,OD2,7.819905213270142
A,92,SER,O,A,96,ALA,N,36.72985781990521
A,92,SER,OG,A,123,GLU,OE1,0.7109004739336493
A,92,SER,OG,A,123,GLU,OE2,0.8293838862559242
A,93,LEU,O,A,97,LEU,N,59.36018957345972
A,93,LEU,N,A,123,GLU,OE1,9.95260663507109
A,93,LEU,N,A,123,GLU,OE2,11.492890995260662
A,94,ASP,OD1,A,95,ASP,N,0.23696682464454977
A,94,ASP,OD2,A,95,ASP,N,0.47393364928909953
A,94,ASP,O,A,98,LYS,N,33.649289099526065
A,94,ASP,O,A,98,LYS,NZ,0.23696682464454977
A,94,ASP,OD1,A,98,LYS,NZ,6.516587677725119
A,94,ASP,OD2,A,98,LYS,NZ,4.502369668246446
A,94,ASP,N,A,123,GLU,OE2,0.11848341232227488
A,95,ASP,OD1,A,98,LYS,NZ,5.0947867298578196
A,95,ASP,OD2,A,98,LYS,NZ,1.4218009478672986
A,95,ASP,O,A,99,LEU,N,42.41706161137441
A,96,ALA,O,A,99,LEU,N,0.23696682464454977
A,96,ALA,O,A,100,THR,N,18.95734597156398
A,96,ALA,O,A,100,THR,OG1,53.90995260663507
A,97,LEU,O,A,100,THR,N,2.251184834123223
A,97,LEU,O,A,100,THR,OG1,24.407582938388625
A,97,LEU,O,A,101,GLU,N,2.6066350710900474
A,98,LYS,O,A,99,LEU,N,0.11848341232227488
A,98,LYS,NZ,A,101,GLU,OE1,17.77251184834123
A,98,LYS,NZ,A,101,GLU,OE2,12.677725118483412
A,98,LYS,O,A,101,GLU,N,7.2274881516587675
A,98,LYS,NZ,A,102,GLN,OE1,0.11848341232227488
A,98,LYS,O,A,102,GLN,NE2,22.393364928909953
A,99,LEU,O,A,102,GLN,N,14.57345971563981
A,100,THR,OG1,A,100,THR,O,0.35545023696682465
A,101,GLU,O,A,102,GLN,N,0.11848341232227488
A,102,GLN,N,A,102,GLN,O,0.11848341232227488
A,102,GLN,NE2,A,102,GLN,OE1,0.23696682464454977
A,102,GLN,O,A,103,PRO,N,0.11848341232227488
A,102,GLN,O,A,104,GLU,N,0.23696682464454977
A,102,GLN,O,A,105,LEU,N,12.796208530805686
A,102,GLN,O,A,106,ALA,N,44.54976303317535
A,103,PRO,O,A,104,GLU,N,0.23696682464454977
A,103,PRO,O,A,107,ASN,N,10.42654028436019
A,103,PRO,O,A,107,ASN,ND2,2.132701421800948
A,104,GLU,N,A,104,GLU,OE1,0.47393364928909953
A,104,GLU,N,A,104,GLU,OE2,0.23696682464454977
A,104,GLU,O,A,105,LEU,N,0.23696682464454977
A,104,GLU,O,A,107,ASN,N,0.11848341232227488
A,104,GLU,O,A,108,LYS,N,1.5402843601895735
A,104,GLU,O,A,108,LYS,NZ,3.7914691943127963
A,104,GLU,OE1,A,108,LYS,NZ,2.251184834123223
A,104,GLU,OE2,A,108,LYS,NZ,2.6066350710900474
A,105,LEU,O,A,108,LYS,N,13.981042654028435
A,105,LEU,O,A,109,VAL,N,28.90995260663507
A,106,ALA,O,A,109,VAL,N,0.23696682464454977
A,107,ASN,ND2,A,107,ASN,O,0.11848341232227488
A,107,ASN,OD1,A,108,LYS,NZ,1.1848341232227488
A,110,ASP,OD1,A,111,MET,N,0.11848341232227488
A,115,VAL,O,A,121,TYR,OH,1.5402843601895735
A,117,GLY,O,A,120,VAL,N,1.1848341232227488
A,117,GLY,O,A,121,TYR,N,47.74881516587678
A,118,SER,O,A,122,LYS,N,36.37440758293839
A,118,SER,OG,A,146,THR,OG1,0.11848341232227488
A,118,SER,OG,A,146,THR,OG1,0.47393364928909953
A,118,SER,OG,A,147,PHE,O,1.6587677725118484
A,119,SER,O,A,122,LYS,N,0.11848341232227488
A,119,SER,O,A,123,GLU,N,22.156398104265403
A,119,SER,OG,A,123,GLU,OE1,0.11848341232227488
A,119,SER,OG,A,123,GLU,OE2,0.35545023696682465
A,120,VAL,O,A,124,ALA,N,36.84834123222749
A,121,TYR,O,A,125,MET,N,34.12322274881517
A,122,LYS,NZ,A,123,GLU,OE1,5.568720379146919
A,122,LYS,NZ,A,123,GLU,OE2,7.109004739336493
A,122,LYS,NZ,A,126,ASN,OD1,2.962085308056872
A,122,LYS,O,A,126,ASN,N,22.511848341232227
A,122,LYS,O,A,126,ASN,ND2,8.293838862559241
A,122,LYS,NZ,A,146,THR,OG1,0.47393364928909953
A,122,LYS,NZ,A,150,GLU,OE1,0.8293838862559242
A,122,LYS,NZ,A,150,GLU,OE2,1.066350710900474
A,123,GLU,O,A,126,ASN,N,0.47393364928909953
A,123,GLU,OE2,A,126,ASN,ND2,0.47393364928909953
A,123,GLU,O,A,127,HIS,N,3.909952606635071
A,124,ALA,O,A,127,HIS,N,3.672985781990521
A,124,ALA,O,A,127,HIS,ND1,0.35545023696682465
A,125,MET,O,A,126,ASN,ND2,0.11848341232227488
A,125,MET,O,A,127,HIS,N,0.11848341232227488
A,125,MET,O,A,156,TYR,OH,0.7109004739336493
A,125,MET,O,A,184,LYS,NZ,0.47393364928909953
A,126,ASN,ND2,A,126,ASN,OD1,0.11848341232227488
A,127,HIS,ND1,A,128,PRO,O,4.1469194312796205
A,127,HIS,ND1,A,129,GLY,O,1.1848341232227488
A,127,HIS,ND1,A,130,HIS,O,0.11848341232227488
A,127,HIS,O,A,184,LYS,NZ,1.6587677725118484
A,128,PRO,O,A,184,LYS,NZ,3.5545023696682465
A,129,GLY,O,A,130,HIS,N,0.11848341232227488
A,129,GLY,O,A,184,LYS,NZ,38.15165876777251
A,130,HIS,NE2,A,130,HIS,ND1,0.11848341232227488
A,130,HIS,NE2,A,132,LYS,NZ,54.62085308056872
A,130,HIS,ND1,A,184,LYS,O,3.3175355450236967
A,130,HIS,ND1,A,185,ASN,OD1,0.47393364928909953
A,130,HIS,N,A,186,ASP,OD1,0.23696682464454977
A,130,HIS,N,A,186,ASP,OD2,0.23696682464454977
A,130,HIS,ND1,A,186,ASP,OD1,0.8293838862559242
A,130,HIS,ND1,A,186,ASP,OD2,1.066350710900474
A,131,LEU,N,A,184,LYS,O,4.028436018957346
A,131,LEU,O,A,184,LYS,N,39.691943127962084
A,132,LYS,NZ,A,162,TYR,OH,0.35545023696682465
A,132,LYS,NZ,A,183,GLU,OE1,33.41232227488152
A,132,LYS,NZ,A,183,GLU,OE2,35.66350710900474
A,133,LEU,N,A,182,TYR,O,81.63507109004739
A,133,LEU,O,A,182,TYR,N,87.44075829383885
A,135,VAL,N,A,180,GLU,O,76.77725118483413
A,135,VAL,O,A,180,GLU,N,76.4218009478673
A,137,ARG,N,A,137,ARG,O,0.11848341232227488
A,137,ARG,N,A,178,LYS,O,71.2085308056872
A,137,ARG,O,A,178,LYS,N,27.72511848341232
A,137,ARG,NE,A,180,GLU,OE1,44.54976303317535
A,137,ARG,NE,A,180,GLU,OE2,35.78199052132701
A,137,ARG,NH2,A,180,GLU,OE1,10.42654028436019
A,137,ARG,NH2,A,180,GLU,OE2,8.649289099526067
A,137,ARG,NE,A,182,TYR,OH,0.23696682464454977
A,137,ARG,NH2,A,182,TYR,OH,11.966824644549764
A,138,ILE,O,A,140,GLN,N,0.7109004739336493
A,139,MET,O,A,140,GLN,N,0.11848341232227488
A,139,MET,O,A,140,GLN,NE2,0.35545023696682465
A,139,MET,N,A,176,LYS,O,55.56872037914692
A,140,GLN,N,A,140,GLN,OE1,0.47393364928909953
A,140,GLN,NE2,A,140,GLN,OE1,0.35545023696682465
A,140,GLN,NE2,A,141,ASP,O,0.35545023696682465
A,140,GLN,NE2,A,141,ASP,OD2,0.11848341232227488
A,140,GLN,OE1,A,141,ASP,N,0.23696682464454977
A,140,GLN,O,A,142,PHE,N,0.23696682464454977
A,140,GLN,NE2,A,174,GLY,O,0.23696682464454977
A,140,GLN,OE1,A,176,LYS,N,44.07582938388626
A,140,GLN,OE1,A,176,LYS,NZ,0.23696682464454977
A,141,ASP,N,A,141,ASP,OD1,0.23696682464454977
A,141,ASP,N,A,141,ASP,OD2,0.23696682464454977
A,142,PHE,O,A,144,SER,OG,8.649289099526067
A,143,GLU,N,A,143,GLU,OE1,0.35545023696682465
A,143,GLU,N,A,143,GLU,OE2,0.47393364928909953
A,143,GLU,O,A,144,SER,OG,11.61137440758294
A,144,SER,OG,A,146,THR,N,0.11848341232227488
A,144,SER,OG,A,146,THR,O,0.23696682464454977
A,145,ASP,O,A,146,THR,OG1,0.23696682464454977
A,145,ASP,OD1,A,146,THR,OG1,27.014218009478675
A,145,ASP,OD2,A,146,THR,OG1,36.25592417061612
A,149,PRO,O,A,151,ILE,N,1.3033175355450237
A,150,GLU,N,A,150,GLU,OE1,2.962085308056872
A,150,GLU,N,A,150,GLU,OE2,1.4218009478672986
A,150,GLU,O,A,152,ASP,N,0.23696682464454977
A,152,ASP,OD2,A,153,LEU,N,0.23696682464454977
A,152,ASP,OD1,A,154,GLU,N,6.042654028436019
A,152,ASP,OD2,A,154,GLU,N,12.085308056872037
A,152,ASP,O,A,155,LYS,N,7.345971563981042
A,152,ASP,OD1,A,155,LYS,N,0.11848341232227488
A,152,ASP,OD1,A,155,LYS,NZ,18.246445497630333
A,152,ASP,OD2,A,155,LYS,N,1.066350710900474
A,152,ASP,OD2,A,155,LYS,NZ,20.85308056872038
A,152,ASP,O,A,156,TYR,N,13.507109004739338
A,153,LEU,O,A,156,TYR,N,1.3033175355450237
A,153,LEU,O,A,157,LYS,NZ,1.066350710900474
A,154,GLU,N,A,154,GLU,OE1,0.35545023696682465
A,154,GLU,N,A,154,GLU,OE2,0.47393364928909953
A,154,GLU,OE1,A,155,LYS,NZ,4.1469194312796205
A,154,GLU,OE2,A,155,LYS,NZ,6.042654028436019
A,154,GLU,O,A,157,LYS,NZ,0.35545023696682465
A,154,GLU,OE1,A,157,LYS,NZ,0.23696682464454977
A,154,GLU,OE2,A,157,LYS,NZ,0.23696682464454977
A,154,GLU,O,A,185,ASN,ND2,14.336492890995261
A,155,LYS,NZ,A,185,ASN,O,0.11848341232227488
A,155,LYS,O,A,185,ASN,N,53.19905213270142
A,155,LYS,O,A,185,ASN,ND2,2.843601895734597
A,155,LYS,NZ,A,186,ASP,OD2,1.4218009478672986
A,157,LYS,NZ,A,158,LEU,O,1.1848341232227488
A,157,LYS,N,A,183,GLU,O,60.90047393364929
A,157,LYS,NZ,A,183,GLU,OE1,15.284360189573459
A,157,LYS,NZ,A,183,GLU,OE2,15.402843601895736
A,157,LYS,O,A,183,GLU,N,63.862559241706165
A,157,LYS,NZ,A,184,LYS,O,0.9478672985781991
A,157,LYS,NZ,A,185,ASN,OD1,5.568720379146919
A,157,LYS,NZ,A,186,ASP,OD1,7.701421800947868
A,157,LYS,NZ,A,186,ASP,OD2,6.042654028436019
A,158,LEU,N,A,158,LEU,O,0.11848341232227488
A,159,LEU,N,A,181,VAL,O,69.3127962085308
A,160,PRO,O,A,167,SER,OG,0.47393364928909953
A,161,GLU,OE1,A,167,SER,OG,0.8293838862559242
A,161,GLU,OE2,A,167,SER,OG,1.4218009478672986
A,162,TYR,O,A,165,VAL,N,5.924170616113744
A,162,TYR,OH,A,183,GLU,OE1,0.9478672985781991
A,162,TYR,OH,A,183,GLU,OE2,0.35545023696682465
A,163,PRO,O,A,165,VAL,N,0.11848341232227488
A,167,SER,OG,A,168,ASP,OD1,1.8957345971563981
A,167,SER,OG,A,168,ASP,OD2,1.4218009478672986
A,167,SER,O,A,178,LYS,NZ,1.066350710900474
A,168,ASP,O,A,169,VAL,N,0.11848341232227488
A,168,ASP,OD1,A,169,VAL,N,0.23696682464454977
A,168,ASP,O,A,170,GLN,NE2,33.53080568720379
A,168,ASP,OD1,A,170,GLN,NE2,0.23696682464454977
A,169,VAL,N,A,169,VAL,O,0.23696682464454977
A,169,VAL,O,A,170,GLN,N,0.11848341232227488
A,169,VAL,O,A,170,GLN,NE2,1.5402843601895735
A,170,GLN,O,A,171,GLU,N,0.11848341232227488
A,170,GLN,N,A,177,TYR,O,76.65876777251185
A,170,GLN,O,A,177,TYR,N,66.4691943127962
A,171,GLU,OE2,A,174,GLY,N,0.11848341232227488
A,171,GLU,OE1,A,176,LYS,NZ,35.90047393364929
A,171,GLU,OE2,A,176,LYS,NZ,34.59715639810427
A,172,GLU,O,A,173,LYS,N,0.11848341232227488
A,172,GLU,OE1,A,173,LYS,N,0.11848341232227488
A,172,GLU,OE1,A,173,LYS,NZ,5.568720379146919
A,172,GLU,OE2,A,173,LYS,NZ,6.279620853080568
A,172,GLU,O,A,174,GLY,N,0.23696682464454977
A,172,GLU,N,A,175,ILE,O,40.28436018957346
A,172,GLU,O,A,175,ILE,N,54.383886255924175
A,172,GLU,OE1,A,177,TYR,OH,10.66350710900474
A,172,GLU,OE2,A,177,TYR,OH,35.66350710900474
A,173,LYS,O,A,174,GLY,N,0.23696682464454977
A,174,GLY,O,A,175,ILE,N,0.35545023696682465
A,174,GLY,O,A,176,LYS,NZ,0.23696682464454977
A,176,LYS,N,A,176,LYS,O,0.11848341232227488
A,176,LYS,O,A,177,TYR,N,0.11848341232227488
A,177,TYR,N,A,177,TYR,O,0.23696682464454977
A,177,TYR,O,A,178,LYS,N,0.11848341232227488
A,178,LYS,NZ,A,179,PHE,O,0.35545023696682465
A,178,LYS,NZ,A,180,GLU,OE1,9.95260663507109
A,178,LYS,NZ,A,180,GLU,OE2,13.507109004739338
A,179,PHE,N,A,179,PHE,O,0.11848341232227488
A,180,GLU,OE1,A,182,TYR,OH,47.39336492890995
A,180,GLU,OE2,A,182,TYR,OH,39.81042654028436
A,183,GLU,OE1,A,185,ASN,ND2,1.1848341232227488
A,183,GLU,OE2,A,185,ASN,ND2,4.62085308056872
A,184,LYS,NZ,A,185,ASN,O,0.7109004739336493
A,184,LYS,NZ,A,185,ASN,OD1,0.23696682464454977
A,184,LYS,O,A,185,ASN,ND2,0.11848341232227488
A,184,LYS,NZ,A,186,ASP,OD1,3.3175355450236967
A,184,LYS,NZ,A,186,ASP,OD2,0.47393364928909953
A,185,ASN,ND2,A,185,ASN,O,0.35545023696682465
A,185,ASN,OD1,A,186,ASP,N,0.47393364928909953
A,186,ASP,N,A,186,ASP,OD1,0.5924170616113744
A,186,ASP,N,A,186,ASP,OD2,0.23696682464454977
